snp,causal_variants,heart_egenes,fdr
rs1912483,rs9899121,TBKBP1,2.1317756328707e-08
rs1912483,rs7218632,NPEPPS,2.1317756328707e-08
rs1912483,rs2292866,MYL4,2.1317756328707e-08
rs1912483,rs2292866,ITGB3,2.1317756328707e-08
rs1912483,rs145018566,CBX1,2.1317756328707e-08
rs1912483,rs9912450,MRPL45P2,2.1317756328707e-08
rs1912483,rs9912450,TBKBP1,2.1317756328707e-08
rs1912483,rs2292867,MYL4,2.1317756328707e-08
rs1912483,rs2292867,ITGB3,2.1317756328707e-08
rs1912483,rs3785872,MYL4,2.1317756328707e-08
rs1912483,rs3785872,ITGB3,2.1317756328707e-08
rs1912483,rs11868894,ITGB3,2.1317756328707e-08
rs1912483,rs35435669,TBKBP1,2.1317756328707e-08
rs1912483,rs7218813,TBKBP1,2.1317756328707e-08
rs1912483,rs4968314,TBKBP1,2.1317756328707e-08
rs1912483,rs12940207,MYL4,2.1317756328707e-08
rs1912483,rs12940207,ITGB3,2.1317756328707e-08
rs1912483,rs11870833,EFCAB13,2.1317756328707e-08
rs1912483,rs11870833,MRPL45P2,2.1317756328707e-08
rs1912483,rs1912482,MRPL45P2,2.1317756328707e-08
rs1912483,rs1912482,TBKBP1,2.1317756328707e-08
