,CM,EC,FB,MP,SMC
NPPA,0.77022,0.7824133333333334,0.6847,0.8134700000000001,0.756395
ARPC2,0.816055,0.8787050000000001,0.7517483333333334,0.8220766666666667,0.8975383333333333
ITGB3,0.9502483333333333,0.9084149999999998,0.9396433333333333,0.9714749999999999,0.9728349999999999
