,CM,EC,FB,MP,SMC
NPPA,0.008358640738780473,0.006006882164095946,0.014999522492399572,0.006228187938718552,0.010411300351060835
ARPC2,0.0015775059429364937,0.002430879470479702,0.008641042086075764,0.0025485992884981662,0.0037558698504252504
ITGB3,0.0040828615373697365,0.0037816696048174146,0.004162656403468037,0.0014400781228807908,0.0021881898912114966
