snp,p_fisher,causal_variants
rs1912483,3.5529593881178312e-09,rs9899121 rs7218632 rs2292866 rs145018566 rs9912450 rs2292867 rs3785872 rs11868894 rs35435669 rs7218813 rs4968314 rs12940207 rs11870833 rs1912482
rs9368222,0.00011928525573116867,
rs113602013,0.15334656728858115,
rs2271543,0.3731809179937748,rs61700947 rs11896513 rs4674267 rs6723716 rs7568092 rs10203039 rs4996257 rs7585702 rs13015410 rs2292553 rs4672888 rs10172824
rs1800389,0.5719075442457153,
rs56153133,0.8466645945159866,rs4846068 rs144795462 rs4845888 rs11121840 rs885770 rs149393118 rs12566905 rs7545014 rs3737966 rs3820192 rs1999594 rs17037432 rs143553702 rs4304595 rs1474577 rs17037526 rs57044570 rs41275458 rs6667637 rs142218582 rs74440292
