snp,p_fisher,causal_variants
rs56153133,3.4569072758057764e-20,rs4846068 rs12566905 rs144795462 rs3737966 rs3820192 rs17037432 rs6667637 rs142218582 rs143553702 rs4845888 rs11121840 rs6684539 rs885770 rs11121839 rs149393118 rs17367629 rs5065 rs12092734 rs6669571 rs12092731 rs1474577 rs76660458 rs41275458 rs74440292 rs2066470
rs2271543,1.4351044092034653e-09,rs11694271 rs11677953 rs6723716 rs10169718 rs7568092 rs13015410 rs12622618 rs1870123 rs1399132 rs7585702 rs4672884 rs11896513 rs13026485 rs12623716 rs11888052 rs77029064 rs10193189 rs10203039 rs10194082 rs4672888 rs61700947 rs1870124 rs28374262 rs2292553 rs10165153 rs11554825 rs4674267 rs3731859 rs12990082 rs10172824 rs4996257 rs10932772 rs62183956 rs7559525 rs10932768 rs35271699 rs1870125 rs7587220 rs2168704 rs12999734 rs7586267 rs4324314 rs10206064 rs2271543 rs6436049 rs10171839 rs10195115 rs1473901 rs921970
rs1800389,1.2936054498160074e-05,
rs113602013,0.0007362359651860292,
rs9368222,0.6897421574345176,
rs1912483,0.8462091464436877,rs1912482 rs2292867 rs9899121 rs145018566 rs3785872 rs35435669 rs7218813 rs4968314 rs34537623 rs7224753 rs9912450 rs1000232 rs11868497 rs7218632 rs2292866 rs11656865
